AddSolution=AgNO3_Concentration,AddSolution=AgNO3_Injectionrate,AddSolution=AgNO3_Volume,Target
0.5000000000000001,0.6666666666666666,0.5909090909090909,-0.6170009351789623
0.5000000000000001,0.3333333333333333,0.6363636363636364,-0.17264004272020333
0.4285714285714286,0.6666666666666666,0.9545454545454546,-0.17003252353387738
0.3571428571428572,0.6666666666666666,0.5,-0.44729131009721446
0.5000000000000001,0.6666666666666666,0.045454545454545456,-0.41576373396158783
0.07142857142857144,0.0,0.8181818181818182,-0.2414547254781304
