AddSolution=AgNO3_Concentration,AddSolution=AgNO3_Injectionrate,AddSolution=AgNO3_Volume,Target
0.5000000000000001,0.6666666666666666,0.5909090909090909,-0.7334257107992155
0.5000000000000001,0.3333333333333333,0.6363636363636364,-0.33363319847956374
0.4285714285714286,0.6666666666666666,0.9545454545454546,-0.36010605358619063
0.3571428571428572,0.6666666666666666,0.5,-0.13322855066045125
0.5000000000000001,0.6666666666666666,0.045454545454545456,-0.33390221755843835
0.07142857142857144,0.0,0.8181818181818182,-0.2087136711381163
