AddSolution=AgNO3_Concentration,AddSolution=AgNO3_Injectionrate,AddSolution=AgNO3_Volume,Target
0.5000000000000001,0.6666666666666666,0.5909090909090909,-0.6170009351789623
0.5000000000000001,0.3333333333333333,0.6363636363636364,-0.17264004272020333
0.4285714285714286,0.6666666666666666,0.9545454545454546,-0.17003252353387738
