AddSolution=AgNO3_Concentration,AddSolution=AgNO3_Injectionrate,AddSolution=AgNO3_Volume,Target
0.5000000000000001,0.6666666666666666,0.5909090909090909,-0.6950143812090721
0.5000000000000001,0.3333333333333333,0.6363636363636364,-0.27064626399653247
0.4285714285714286,0.6666666666666666,0.9545454545454546,-0.7852656779041205
0.3571428571428572,0.6666666666666666,0.5,-0.3362714540714364
