AddSolution=AgNO3_Concentration,AddSolution=AgNO3_Injectionrate,AddSolution=AgNO3_Volume,Target
225.0,50.0,450.0,-0.6936278038886377
100.0,100.0,500.0,-0.12051883404588101
350.0,150.0,1100.0,-0.16559950418197117
