AddSolution=AgNO3_Concentration,AddSolution=AgNO3_Injectionrate,AddSolution=AgNO3_Volume,Target
0.0,150.0,750.0,-0.16924502292062255
0.0,100.0,800.0,-0.5159429351877005
0.0,150.0,1150.0,-0.13038819294195958
