AddSolution=AgNO3_Concentration,AddSolution=AgNO3_Injectionrate,AddSolution=AgNO3_Volume,Target
0.6428571428571428,0.6666666666666666,0.6818181818181819,-0.30376850276415157
