AddSolution=AgNO3_Concentration,AddSolution=AgNO3_Injectionrate,AddSolution=AgNO3_Volume,Target
0.07142857142857142,0.6666666666666666,0.4545454545454546,-0.5286294712307493
