AddSolution=AgNO3_Concentration,AddSolution=AgNO3_Volume,AddSolution=AgNO3_Injectionrate,lambdamax,FWHM,intensity
0.0,750.0,150.0,596.725587,35.980831999999964,0.01566009225694757
0.0,800.0,100.0,393.567282,23.20363199999997,0.020354702312482265
0.0,1150.0,150.0,481.358563,18.310733999999968,0.013573689122945796
0.0,650.0,150.0,446.351457,26.60545400000001,0.019164006541205793
