AddSolution=AgNO3_Concentration,AddSolution=AgNO3_Volume,AddSolution=AgNO3_Injectionrate,lambdamax,FWHM,intensity
0.0,750.0,150.0,437.798424,23.15709099999998,0.019923358433320815
0.0,800.0,100.0,573.48388,25.475654000000077,0.018233586711952243
0.0,1150.0,150.0,400.081054,19.178229999999985,0.018845403430430778
0.0,650.0,150.0,615.743441,46.61450000000002,0.018005331069184102
