AddSolution=AgNO3_Concentration,AddSolution=AgNO3_Injectionrate,AddSolution=AgNO3_Volume,Target
0.5000000000000001,0.6666666666666666,0.5909090909090909,-0.16924502292062255
0.5000000000000001,0.3333333333333333,0.6363636363636364,-0.5159429351877005
0.4285714285714286,0.6666666666666666,0.9545454545454546,-0.13038819294195958
0.3571428571428572,0.6666666666666666,0.5,-0.07145455235726676
0.5000000000000001,0.6666666666666666,0.045454545454545456,-0.20193178317870222
0.07142857142857144,0.0,0.8181818181818182,-0.19814318140466997
