AddSolution=AgNO3_Concentration,AddSolution=AgNO3_Injectionrate,AddSolution=AgNO3_Volume,Target
0.9285714285714285,0.3333333333333333,0.09090909090909091,-0.5298942605721726
