AddSolution=AgNO3_Concentration,AddSolution=AgNO3_Injectionrate,AddSolution=AgNO3_Volume,Target
0.21428571428571427,0.6666666666666666,0.09090909090909091,-0.21561294955108146
