AddSolution=AgNO3_Concentration,AddSolution=AgNO3_Injectionrate,AddSolution=AgNO3_Volume,Target
0.2857142857142857,0.3333333333333333,0.13636363636363635,-0.32601786987767123
