AddSolution=AgNO3_Concentration,AddSolution=AgNO3_Injectionrate,AddSolution=AgNO3_Volume,Target
0.6428571428571428,0.3333333333333333,0.9090909090909092,-0.07485948915020241
