AddSolution=AgNO3_Concentration,AddSolution=AgNO3_Injectionrate,AddSolution=AgNO3_Volume,Target
0.14285714285714285,0.6666666666666666,0.8181818181818182,-0.3673663450782686
