AddSolution=AgNO3_Concentration,AddSolution=AgNO3_Injectionrate,AddSolution=AgNO3_Volume,Target
0.5714285714285714,0.3333333333333333,0.5454545454545454,-0.19014559897660843
