AddSolution=AgNO3_Concentration,AddSolution=AgNO3_Injectionrate,AddSolution=AgNO3_Volume,Target
0.3571428571428571,0.6666666666666666,0.6363636363636364,-0.13903284032297758
