AddSolution=AgNO3_Concentration,AddSolution=AgNO3_Volume,AddSolution=AgNO3_Injectionrate,lambdamax,FWHM,intensity
0.0,750.0,150.0,603.75146,15.348947000000067,0.02152404778593771
0.0,800.0,100.0,710.49041,13.916753999999969,0.021941488104818153
0.0,1150.0,150.0,554.105416,10.925564000000008,0.02282988627056714
0.0,650.0,150.0,573.145292,43.97959000000003,0.020234317714888757
0.0,150.0,150.0,532.157741,9.987812000000076,0.018764101030964687
0.0,1000.0,50.0,612.751675,8.320725999999922,0.020967759487881727
