AddSolution=AgNO3_Concentration,AddSolution=AgNO3_Injectionrate,AddSolution=AgNO3_Volume,Target
0.8571428571428571,0.3333333333333333,0.2272727272727273,-0.66341043554002
