AddSolution=AgNO3_Concentration,AddSolution=AgNO3_Volume,AddSolution=AgNO3_Injectionrate,lambdamax,FWHM,intensity
225.0,450.0,50.0,380.862125,12.358706999999981,0.018871307397070228
100.0,500.0,100.0,557.175812,10.569710999999984,0.021028926955793094
350.0,1100.0,150.0,602.414928,28.032561999999984,0.02145018407770745
