AddSolution=AgNO3_Concentration,AddSolution=AgNO3_Volume,AddSolution=AgNO3_Injectionrate,lambdamax,FWHM,intensity
0.0,750.0,150.0,765.334335,21.72419400000001,0.015479666176367802
0.0,800.0,100.0,511.055565,14.922313000000031,0.020445536701980828
0.0,1150.0,150.0,352.729768,15.411925999999994,0.01792038223707054
0.0,650.0,150.0,654.905372,23.87057200000004,0.01641591875256192
