AddSolution=AgNO3_Concentration,AddSolution=AgNO3_Injectionrate,AddSolution=AgNO3_Volume,Target
0.0,150.0,750.0,-0.6170009351789623
0.0,100.0,800.0,-0.17264004272020333
0.0,150.0,1150.0,-0.17003252353387738
