AddSolution=AgNO3_Concentration,AddSolution=AgNO3_Injectionrate,AddSolution=AgNO3_Volume,Target
0.0,150.0,750.0,-0.6742446337018507
0.0,100.0,800.0,-0.1112157393068891
0.0,150.0,1150.0,-0.5402795303193101
0.0,150.0,650.0,-0.6320708699646761
0.0,150.0,150.0,-0.4427462673576216
0.0,50.0,1000.0,-0.146406983027619
