AddSolution=AgNO3_Concentration,AddSolution=AgNO3_Injectionrate,AddSolution=AgNO3_Volume,Target
0.0,150.0,750.0,-0.465613610957518
0.0,100.0,800.0,-0.7102345999486682
0.0,150.0,1150.0,-0.16585022865185917
0.0,150.0,650.0,-0.7101071371154961
0.0,150.0,150.0,-0.36425087616623336
0.0,50.0,1000.0,-0.7374920263171562
