AddSolution=AgNO3_Concentration,AddSolution=AgNO3_Injectionrate,AddSolution=AgNO3_Volume,Target
0.0,150.0,750.0,-0.7334257107992155
0.0,100.0,800.0,-0.33363319847956374
0.0,150.0,1150.0,-0.36010605358619063
0.0,150.0,650.0,-0.13322855066045125
0.0,150.0,150.0,-0.33390221755843835
0.0,50.0,1000.0,-0.2087136711381163
