AddSolution=AgNO3_Concentration,AddSolution=AgNO3_Injectionrate,AddSolution=AgNO3_Volume,Target
0.6428571428571428,0.3333333333333333,0.4090909090909091,-0.18665906454330755
