AddSolution=AgNO3_Concentration,AddSolution=AgNO3_Volume,AddSolution=AgNO3_Injectionrate,lambdamax,FWHM,intensity
0.0,750.0,150.0,777.551303,8.21732899999995,0.023280411526983243
0.0,800.0,100.0,492.228224,47.364755,0.019795812807770603
0.0,1150.0,150.0,483.465835,9.832632999999987,0.019078587029288153
0.0,650.0,150.0,553.422568,16.05723300000011,0.017946903568875815
0.0,150.0,150.0,491.528299,11.200267999999994,0.020260056922679726
0.0,1000.0,50.0,530.089997,16.56950400000005,0.0229843185660804
