AddSolution=AgNO3_Concentration,AddSolution=AgNO3_Volume,AddSolution=AgNO3_Injectionrate,lambdamax,FWHM,intensity
0.0,750.0,150.0,451.684045,50.21295100000003,0.01846628706757144
0.0,800.0,100.0,375.765564,13.843078999999989,0.019348352413185367
0.0,1150.0,150.0,543.156414,10.289482999999905,0.023939081871558816
0.0,650.0,150.0,375.765564,13.471791999999994,0.020879935484474286
0.0,150.0,150.0,663.686997,22.467489999999998,0.023221658115650863
0.0,1000.0,50.0,367.374798,13.52593900000005,0.019172519449692185
