AddSolution=AgNO3_Concentration,AddSolution=AgNO3_Volume,AddSolution=AgNO3_Injectionrate,lambdamax,FWHM,intensity
0.0,750.0,150.0,759.191037,8.616774000000078,0.0168314278646985
0.0,800.0,100.0,560.242233,19.774085000000014,0.018772509535882546
0.0,1150.0,150.0,717.756781,23.013797000000068,0.018637986208741093
0.0,650.0,150.0,746.215176,18.008535999999935,0.024348634726580724
0.0,150.0,150.0,687.874964,16.056320000000028,0.01956410213946625
0.0,1000.0,50.0,549.321369,15.048420999999962,0.019257429720309773
