AddSolution=AgNO3_Concentration,AddSolution=AgNO3_Volume,AddSolution=AgNO3_Injectionrate,lambdamax,FWHM,intensity
0.0,750.0,150.0,404.776804,29.69807499999996,0.017036011883829846
0.0,800.0,100.0,541.097932,10.983199000000013,0.02302813402100582
0.0,1150.0,150.0,542.127391,23.62375899999995,0.022345157476092344
0.0,650.0,150.0,689.156425,26.97896300000002,0.022625951917051065
0.0,150.0,150.0,679.524237,20.881982000000107,0.021184464004134027
0.0,1000.0,50.0,520.071604,11.426975999999968,0.01625831159143353
