AddSolution=AgNO3_Concentration,AddSolution=AgNO3_Injectionrate,AddSolution=AgNO3_Volume,Target
0.6428571428571428,0.6666666666666666,0.2272727272727273,-0.6238041893456947
