AddSolution=AgNO3_Concentration,AddSolution=AgNO3_Injectionrate,AddSolution=AgNO3_Volume,Target
0.0,150.0,750.0,-0.5091515778811805
0.0,100.0,800.0,-0.07168540334263464
0.0,150.0,1150.0,-0.6315574175019113
0.0,150.0,650.0,-0.21015984205325022
