AddSolution=AgNO3_Concentration,AddSolution=AgNO3_Injectionrate,AddSolution=AgNO3_Volume,Target
0.0,150.0,750.0,-0.14795312914372033
0.0,100.0,800.0,-0.6528352141063902
0.0,150.0,1150.0,-0.36780057044232584
0.0,150.0,650.0,-0.4816031871347642
