AddSolution=AgNO3_Concentration,AddSolution=AgNO3_Injectionrate,AddSolution=AgNO3_Volume,Target
0.0,150.0,750.0,-0.6950143812090721
0.0,100.0,800.0,-0.27064626399653247
0.0,150.0,1150.0,-0.7852656779041205
0.0,150.0,650.0,-0.3362714540714364
