AddSolution=AgNO3_Concentration,AddSolution=AgNO3_Injectionrate,AddSolution=AgNO3_Volume,Target
0.5714285714285714,0.0,0.3181818181818182,-0.6936278038886377
0.21428571428571427,0.3333333333333333,0.36363636363636365,-0.12051883404588101
0.9285714285714285,0.6666666666666666,0.9090909090909092,-0.16559950418197117
